Workbook

Sheet Production Dataset
A1: ProductionID | B1: ProductionDate | C1: Region | D1: Manager | E1: ProductType | F1: UnitsProduced | G1: TotalCost | H1: Gender | I1: True Age | J1: Age Groups | K1: Production per cost unit
A2: 1 | B2: 45380 | C2: South | D2: John Doe | E2: Automobiles | F2: 412 | G2: 22288 | H2: Female | I2: 25 | K2: =G2/Table2[[#This Row],[UnitsProduced]] -> 54.097087
A3: 2 | B3: 45420 | C3: West | D3: Laura Black | E3: Furniture | F3: 430 | G3: 66500 | H3: Female | I3: 52 | K3: =G3/Table2[[#This Row],[UnitsProduced]] -> 154.65116
A4: 3 | B4: 45504 | C4: North | D4: Sarah Lee | E4: Machinery | F4: 478 | G4: 76076 | H4: Male | I4: 36 | K4: =G4/Table2[[#This Row],[UnitsProduced]] -> 159.15481
A5: 4 | B5: 45214 | C5: West | D5: Mike Brown | E5: Machinery | F5: 459 | G5: 17069 | H5: Unknown | I5: 57 | K5: =G5/Table2[[#This Row],[UnitsProduced]] -> 37.187364
A6: 5 | B6: 45449 | C6: South | D6: Jane Smith | E6: Machinery | F6: 178 | G6: 41349 | H6: Male | I6: 26 | K6: =G6/Table2[[#This Row],[UnitsProduced]] -> 232.29775
A7: 6 | B7: 45350 | C7: West | D7: Jane Smith | E7: Machinery | F7: 401 | G7: 19691 | H7: Male | I7: 26 | K7: =G7/Table2[[#This Row],[UnitsProduced]] -> 49.104738
A8: 7 | B8: 45472 | C8: West | D8: Andrew Blue | E8: Machinery | F8: 68 | G8: 11696 | H8: Male | I8: 28 | K8: =G8/Table2[[#This Row],[UnitsProduced]] -> 172
A9: 8 | B9: 45299 | C9: West | D9: David White | E9: Electronics | F9: 447 | G9: 52269 | H9: Male | I9: 28 | K9: =G9/Table2[[#This Row],[UnitsProduced]] -> 116.93289
A10: 9 | B10: 45217 | C10: West | D10: Nancy Grey | E10: Electronics | F10: 55 | G10: 25893 | H10: Male | I10: 42 | K10: =G10/Table2[[#This Row],[UnitsProduced]] -> 470.78182
A11: 10 | B11: 45508 | C11: West | D11: Nancy Grey | E11: Automobiles | F11: 396 | G11: 38480 | H11: Female | I11: 42 | K11: =G11/Table2[[#This Row],[UnitsProduced]] -> 97.171717
A12: 11 | B12: 45335 | C12: West | D12: Emily Davis | E12: Machinery | F12: 494 | G12: 46767 | H12: Female | I12: 25 | K12: =G12/Table2[[#This Row],[UnitsProduced]] -> 94.67004
A13: 12 | B13: 45410 | C13: West | D13: Emily Davis | E13: Automobiles | F13: 462 | G13: 26145 | H13: Unknown | I13: 25 | K13: =G13/Table2[[#This Row],[UnitsProduced]] -> 56.590909
... A121: 120 | B121: 45361 | C121: East | D121: Sarah Lee | E121: Automobiles | F121: 497 | G121: 46548 | H121: Female | I121: 36 | K121: =G121/Table2[[#This Row],[UnitsProduced]] -> 93.657948

Sheet Sheet1
A1: Jane Smith | B1: =VLOOKUP(A1,'Production Dataset'!D1:H121,6,0) -> #REF!
A2: Nancy Grey | B2: =VLOOKUP(A2,'Production Dataset'!D2:H122,6,0) -> #REF!
A3: Laura Black | B3: =VLOOKUP(A3,'Production Dataset'!D3:H123,6,0) -> #REF!
A4: Emily Davis | B4: =VLOOKUP(A4,'Production Dataset'!D4:H124,6,0) -> #REF!
A5: Andrew Blue | B5: =VLOOKUP(A5,'Production Dataset'!D5:H125,6,0) -> #REF!
A6: Mike Brown | B6: =VLOOKUP(A6,'Production Dataset'!D6:H126,6,0) -> #REF!
A7: John Doe | B7: =VLOOKUP(A7,'Production Dataset'!D7:H127,6,0) -> #REF!
A8: David White | B8: =VLOOKUP(A8,'Production Dataset'!D8:H128,6,0) -> #REF!
A9: Chris Green | B9: =VLOOKUP(A9,'Production Dataset'!D9:H129,6,0) -> #REF!
A10: Sarah Lee | B10: =VLOOKUP(A10,'Production Dataset'!D10:H130,6,0) -> #REF!
